sepall,sepalw,petall,petalw,class
0.2222222222222221,0.6249999999999999,0.0677966101694915,0.0416666666666666,Iris-setosa
0.7499999999999999,0.5,0.6271186440677966,0.5416666666666666,Iris-versicolor
0.1666666666666668,0.1666666666666666,0.3898305084745762,0.375,Iris-versicolor
0.5555555555555555,0.5416666666666665,0.847457627118644,1.0,Iris-virginica
0.5555555555555555,0.3749999999999999,0.7796610169491525,0.7083333333333334,Iris-virginica
0.1666666666666668,0.2083333333333333,0.5932203389830508,0.6666666666666666,Iris-virginica
0.8055555555555556,0.5,0.847457627118644,0.7083333333333334,Iris-virginica
